Spectrum,Lambda,Tau
0,272.8439364327004,2.764145479366177e-07
