Spectrum,Lambda,Tau
0,11021.295989346698,1.4614677129008472e-06
