Spectrum,Lambda,Tau
0,9803.873639759644,9.888291406096736e-07
