Spectrum,Lambda,Tau
0,300.40440648955496,3.10374350211068e-07
