Spectrum,Lambda,Tau
0,343.0270505546982,3.2064478805760925e-07
