Parameter,Value
lambda,11021.295989346698
tau,1.4614677129008472e-06
