Parameter,Value
lambda,272.8439364327004
tau,2.764145479366177e-07
