Parameter,Value
lambda,343.0270505546992
tau,3.2064478805760925e-07
