Parameter,Value
lambda,177588.18248525524
tau,1.4398601509568918e-05
