Parameter,Value
lambda,7663.139618998724
tau,1.0432272105228324e-06
