Parameter,Value
lambda,9803.873639759644
tau,9.888291406096736e-07
