Parameter,Value
lambda,300.4044064895546
tau,3.1037435021106864e-07
