Parameter,Value
lambda,5865.574387099558
tau,9.288368845792941e-07
