Parameter,Value
lambda,17690.664270239722
tau,1.916708868641632e-06
